{
    "loss": [
        0.6653812527656555,
        0.5991559624671936,
        0.5760300755500793,
        0.6166929006576538,
        0.5643264055252075,
        0.545203447341919,
        0.5538225173950195,
        0.5487605929374695,
        0.5139462351799011,
        0.4968145787715912,
        0.49249589443206787,
        0.4771808683872223,
        0.4695298671722412,
        0.45989295840263367,
        0.4528261125087738,
        0.4426572322845459,
        0.44253718852996826,
        0.4354231357574463,
        0.4264174699783325,
        0.43436482548713684,
        0.4153929650783539,
        0.4165620803833008,
        0.41007980704307556,
        0.41720178723335266,
        0.41372618079185486,
        0.40866532921791077,
        0.409309446811676,
        0.407132625579834,
        0.3922833502292633,
        0.40148475766181946,
        0.39680853486061096,
        0.38972148299217224,
        0.391543447971344,
        0.3876167833805084
    ],
    "accuracy": [
        0.5380884408950806,
        0.5319543480873108,
        0.5476462244987488,
        0.5181169509887695,
        0.5400856137275696,
        0.5597717761993408,
        0.5564907193183899,
        0.5627674460411072,
        0.5894436240196228,
        0.602567732334137,
        0.6312410831451416,
        0.6594864726066589,
        0.6865906119346619,
        0.7057061195373535,
        0.7042796015739441,
        0.7226818799972534,
        0.7346647381782532,
        0.7312411069869995,
        0.7509272694587708,
        0.7383737564086914,
        0.7499286532402039,
        0.7516404986381531,
        0.7637660503387451,
        0.752924382686615,
        0.7661911845207214,
        0.7646219730377197,
        0.7639086842536926,
        0.766619086265564,
        0.7736091017723083,
        0.776462197303772,
        0.7713266611099243,
        0.7818830013275146,
        0.782310962677002,
        0.7857346534729004
    ],
    "val_loss": [
        0.5158141255378723,
        0.6324467658996582,
        0.5263597369194031,
        0.4988122880458832,
        0.5174190998077393,
        0.5421391129493713,
        0.5023705959320068,
        0.5041517019271851,
        0.5031130909919739,
        0.472282737493515,
        0.5107919573783875,
        0.488404780626297,
        0.4848245680332184,
        0.5873798131942749,
        0.4740895628929138,
        0.43301281332969666,
        0.466891884803772,
        0.4382190406322479,
        0.44211545586586,
        0.46535271406173706,
        0.441990464925766,
        0.4252675771713257,
        0.46561387181282043,
        0.4029719829559326,
        0.43440577387809753,
        0.4424506425857544,
        0.44629690051078796,
        0.4886434078216553,
        0.445869505405426,
        0.45714524388313293,
        0.41256746649742126,
        0.4176443815231323,
        0.4471815824508667,
        0.42708620429039
    ],
    "val_accuracy": [
        0.5639147758483887,
        0.4906790852546692,
        0.5572569966316223,
        0.5625832080841064,
        0.5559254288673401,
        0.565912127494812,
        0.6537949442863464,
        0.5672436952590942,
        0.6071904301643372,
        0.7010652422904968,
        0.6651132106781006,
        0.6890812516212463,
        0.7163781523704529,
        0.666444718837738,
        0.727696418762207,
        0.7669773697853088,
        0.73235684633255,
        0.7636484503746033,
        0.7450066804885864,
        0.7303594946861267,
        0.7563248872756958,
        0.772303581237793,
        0.7523302435874939,
        0.7842876315116882,
        0.7616511583328247,
        0.7629826664924622,
        0.762316882610321,
        0.7217044234275818,
        0.7669773697853088,
        0.7463381886482239,
        0.7762982845306396,
        0.7716377973556519,
        0.7496671080589294,
        0.7689747214317322
    ],
    "lr": [
        0.0010000000474974513,
        0.0010000000474974513,
        0.0010000000474974513,
        0.0010000000474974513,
        0.0010000000474974513,
        0.0010000000474974513,
        0.0010000000474974513,
        0.0010000000474974513,
        0.0005000000237487257,
        0.0005000000237487257,
        0.0005000000237487257,
        0.0005000000237487257,
        0.0005000000237487257,
        0.0005000000237487257,
        0.0002500000118743628,
        0.0002500000118743628,
        0.0002500000118743628,
        0.0002500000118743628,
        0.0002500000118743628,
        0.0002500000118743628,
        0.0001250000059371814,
        0.0001250000059371814,
        0.0001250000059371814,
        0.0001250000059371814,
        0.0001250000059371814,
        0.0001250000059371814,
        0.0001250000059371814,
        0.0001250000059371814,
        6.25000029685907e-05,
        6.25000029685907e-05,
        6.25000029685907e-05,
        6.25000029685907e-05,
        3.125000148429535e-05,
        3.125000148429535e-05
    ]
}